{"cameraMode":{"drawMode":0,"name":"Shaded","section":"Shading Mode"},"sceneLighting":false,"audioPlay":false,"sceneViewState":{"showFog":true,"showMaterialUpdate":true,"showSkybox":true,"showFlares":true,"showImageEffects":true,"showParticleSystems":true},"in2DMode":false,"pivot":{"x":0.11821600794792175,"y":-1.0449351072311402,"z":-2.3432986736297609},"rotation":{"x":-0.07412014156579972,"y":0.923225998878479,"z":-0.22770023345947267,"w":-0.3005254864692688},"size":8.52408218383789,"orthographic":false}